"Integrity Check",,,
Description:,"2020 July Files
",,
"Date Added:",17-Aug-2020,,
,,,
Filename,Status,,
"UB Sterling account statement.pdf",Missing,,,
"UB CC Statement July 2020.pdf",Missing,,
"Go Fund me Newtown.pdf",Missing,,
"Google reciept June 2020.pdf",Missing,,
"Jim Hickey Absolute Best.pdf",Missing,,
"June 2020 Eir (1).jpg",Missing,,
"June 2020 Eir (2).jpg",Missing,,
"June Reciepts.jpg",Missing,,
"Leaf and Bean 19.06.2020.jpg",Missing,,
"Leaseweb Invoice June 2020.pdf",Missing,,
"Lee Centra 30.06.2020.jpg",Missing,,
"Lets Host.pdf",Missing,,
"Linked In.pdf",Missing,,
"Microsoft invoice.pdf",Missing,,
"Park Tyres Invoice 3.6.2020.pdf",Missing,,
"Park Tyres June 2020.pdf",Missing,,
"Quickbooks June 2020.pdf",Missing,,
"Spar Abbeyknockmoy 11 June 2020.jpg",Missing,,
TeamViewer.pdf,Missing,,
the-mail-track-company-s-l-202006-invoice85014.pdf,Missing,,
"Timetastic Ltd 2314-6483.pdf",Missing,,
"Western Motors Invoice.pdf",Missing,,
"Zoom Invoice.jpg",Missing,,
"Abbeyknockmoy Pharmacy 3.6.2020.jpg",Missing,,
"Abbeylnockmoy Diesel 3.6.2020.jpg",Missing,,
"All4One 100.pdf",Missing,,
"All4ONe 150.pdf",Missing,,
"Audible June.pdf",Missing,,
Blueface-BF184230.pdf,Missing,,
CCF17062020.pdf,Missing,,
"Dabs IE invoice 22.06.2020.jpg",Missing,,
"DCI Invoice ..pdf",Missing,,
"DCI Invoice.pdf",Missing,,
"DCI June 2020 1.pdf",Missing,,
"Evernote Invoice.pdf",Missing,,
"EZ Stock Control- Three Bill June 2020.jpg",Missing,,
"July 2020 Ulster Bank Statement 812.csv",Missing,,
"July 2020 Ulster Bank Statement 7003.csv",Missing,,
"July to Aug 2020 Ulster Bank Statement 580.csv",Missing,,
"July 16th to 30th .xlsx",Missing,,
